asv	BJ-1	BJ-2	BJ-3	HLD_A-1	HLD_A-2	HLD_A-3	HLD_B-1	HLD_B-2	HLD_B-3	MW-1	MW-2	MW-3	POND_A-1	POND_A-2	POND_A-3	POND_B-1	POND_B-2	POND_B-3	WLD-1	WLD-2	WLD-3	WZ-1	WZ-2	WZ-3
ASV1	246020	223467	166936	159114	53130	207054	122491	167239	80832	303336	198062	194365	158423	223776	152450	201408	204043	139050	130131	230787	154603	246982	234142	249073
ASV2	9479	3211	4817	7	887	48	14747	2501	257	2782	2311	9594	7603	3258	1238	3106	18743	2457	18525	11773	7823	11816	9571	3495
ASV3	4106	0	1918	6911	1575	5488	7199	2158	3442	0	0	1380	12418	3300	14119	6372	7948	3219	1295	1068	948	3481	1984	0
ASV4	0	0	0	0	35	0	19133	27122	31675	0	0	0	0	13	0	0	0	0	0	0	0	0	0	0
ASV5	0	0	0	4	39	0	6859	24602	28185	0	0	0	0	2	0	0	0	0	0	0	0	0	0	0
ASV6	0	0	0	0	39	0	9588	19388	23798	0	0	0	0	7	0	0	0	0	0	0	0	0	0	0
ASV7	5	0	1310	36	908	22	3824	3970	1619	0	0	9517	1903	8	6056	6597	4590	1990	0	8	2204	0	2143	0
ASV8	1491	3310	451	268	19	58	18	641	114	2364	2347	933	311	1306	671	70	217	17601	1400	5836	1408	2	333	2992
ASV9	0	0	0	2	17	0	6015	13596	16713	2	0	2	0	0	0	0	0	0	0	0	0	0	0	0
ASV10	0	0	978	828	42	14	2050	0	1584	3	2368	0	6337	6376	2765	2337	2285	2596	6	0	9	0	3012	0
ASV11	0	0	0	808	1617	995	5992	1516	0	0	0	7	2120	1198	2431	3542	3532	2262	0	0	6	0	1396	16
ASV12	0	0	0	1006	3306	6957	172	573	3635	0	0	0	3892	175	1102	1174	1951	69	0	0	0	0	0	0
ASV13	0	0	1405	47	35	12	0	4	0	0	0	0	8510	0	9432	4180	0	0	15	0	0	0	0	0
ASV14	0	0	5404	2432	411	3957	0	1844	0	0	0	0	2	0	2563	0	0	0	2201	0	13	0	0	3622
ASV15	0	0	0	71	0	69	572	2017	575	0	0	0	4838	3738	7648	0	0	126	0	0	0	0	0	0
ASV16	937	1865	336	0	0	0	0	0	0	0	1531	158	0	1396	0	0	0	2447	4648	142	2248	329	0	2949
ASV17	13	0	0	1490	2986	1804	0	6	0	0	6	0	2	0	0	0	0	0	2448	0	8801	0	10	0
ASV18	0	3150	0	1593	0	18	0	8	0	0	0	0	0	0	0	0	0	0	0	3247	1962	3772	3107	9
ASV19	0	0	0	2400	0	0	0	11	0	0	4910	1383	0	0	0	0	0	0	2	28	0	2373	0	1819
ASV20	0	0	0	0	0	0	2171	0	0	0	0	0	0	3	0	0	0	0	0	3931	0	3	6513	0
ASV21	0	0	0	1333	178	2767	1096	2265	2599	0	0	0	688	958	0	0	673	0	0	0	0	0	0	0
ASV22	0	0	0	0	10	0	3253	3980	5201	0	0	0	0	0	0	0	0	0	0	0	0	0	0	0
ASV23	0	5	0	0	0	0	0	0	0	11278	0	0	0	0	0	0	0	0	0	0	0	0	0	0
ASV24	0	0	0	0	0	6	2066	0	0	0	0	0	4455	2284	0	0	0	6	0	0	0	0	0	0
ASV25	3076	0	0	0	0	0	0	1880	0	0	2074	0	0	0	0	0	0	0	0	0	5	0	0	0
ASV26	0	0	0	2452	0	0	0	14	0	0	0	0	1970	2308	0	0	0	6	0	0	0	0	0	0
ASV27	0	3541	1510	0	839	0	0	0	0	0	0	0	0	0	0	0	0	0	0	0	0	0	0	5
ASV28	1819	2	0	0	0	0	0	0	0	0	0	856	0	0	0	0	0	0	0	0	2	0	0	3209
ASV29	0	0	0	20	0	2	4	0	0	0	0	0	1041	1581	2780	0	0	0	0	0	0	0	0	0
ASV30	0	0	0	0	0	0	1985	3352	0	0	0	0	0	0	0	0	0	0	0	0	0	0	0	0
ASV31	0	0	0	0	0	10	0	0	0	0	0	1544	0	0	0	0	3395	0	0	0	0	0	0	0
ASV32	1443	211	484	113	366	0	0	0	318	22	0	0	0	0	0	29	161	0	100	111	0	781	390	31
ASV33	0	0	0	0	0	0	0	0	0	0	0	0	0	0	0	0	0	0	0	10	0	766	0	3410
ASV34	0	0	0	0	6	0	0	0	2981	0	0	805	0	0	0	0	0	0	0	0	0	0	0	0
ASV35	0	0	0	14	0	0	0	0	0	0	0	0	0	2200	1300	0	0	11	0	0	0	0	0	0
ASV36	0	0	0	0	0	0	0	0	0	0	3454	0	0	0	0	0	0	0	0	0	0	0	0	61
ASV37	0	0	0	7	0	3	0	0	0	0	0	0	0	0	1682	0	1651	0	0	0	0	0	0	0
ASV38	0	0	0	0	0	0	0	0	0	0	12	0	0	0	880	0	0	0	2403	0	0	0	0	0
ASV39	0	0	0	0	0	4	0	0	0	0	0	0	3064	0	0	0	0	0	0	0	0	0	0	0
ASV40	0	0	0	0	10	0	0	272	386	0	0	0	429	117	3	909	384	463	0	0	0	0	0	0
ASV41	0	0	0	0	0	0	899	1947	0	0	0	0	0	0	0	0	0	0	0	0	0	0	0	0
ASV42	0	0	0	2798	0	0	0	11	0	0	0	0	0	0	0	0	0	0	0	0	0	0	0	0
ASV43	7	0	0	0	0	0	0	0	0	0	0	0	0	0	0	0	0	0	0	0	2677	0	4	0
ASV44	0	0	0	930	1676	0	0	5	0	0	0	0	0	0	0	0	0	0	0	0	0	0	0	0
ASV45	0	0	0	0	0	0	0	0	0	0	0	0	0	0	0	0	0	0	0	24	0	2553	0	0
ASV46	0	0	0	0	0	0	0	0	0	0	0	0	0	0	0	0	0	0	0	0	0	2575	0	0
ASV47	0	0	0	0	0	2572	0	0	0	0	0	0	0	0	0	0	0	0	0	0	0	0	0	0
ASV48	0	0	0	2526	0	0	0	9	0	0	0	0	0	0	0	0	0	0	0	0	0	0	0	0
ASV49	0	0	0	0	0	0	0	0	2517	0	0	0	0	0	0	0	0	0	0	0	0	0	0	0
ASV50	0	0	0	0	0	0	0	2087	405	0	0	0	0	0	0	0	0	0	0	0	0	0	0	0
ASV51	0	0	0	8	0	0	0	0	0	0	0	0	0	0	2395	0	0	0	0	0	0	0	0	0
ASV52	0	0	0	0	0	0	0	0	0	0	0	0	0	0	0	0	0	0	0	0	5	0	2287	0
ASV53	0	0	0	0	0	0	0	0	0	0	0	0	0	0	0	0	0	0	0	0	0	2262	0	0
ASV54	0	0	0	0	0	0	0	0	0	0	0	0	0	0	0	2245	0	0	0	0	0	0	0	0
ASV55	0	0	0	0	15	0	0	0	0	0	0	0	0	0	0	1248	87	882	0	0	0	0	0	0
ASV56	0	0	0	0	0	0	2181	0	0	0	0	0	0	0	0	0	0	0	0	0	0	0	0	0
ASV57	0	0	0	0	0	0	0	0	0	0	0	0	0	0	0	0	0	0	0	20	0	2138	0	0
ASV58	0	0	0	0	0	0	0	0	0	0	0	0	0	0	0	955	0	0	0	1154	0	0	0	0
ASV59	0	0	0	0	0	0	0	1472	630	0	0	0	0	0	0	0	0	0	0	0	0	0	0	0
ASV60	0	0	0	0	7	0	0	995	1046	0	0	0	0	0	0	0	0	0	0	0	0	0	0	0
ASV61	0	2	0	0	0	0	0	0	0	0	0	0	0	0	0	0	0	0	0	0	0	0	0	2027
ASV62	0	0	0	0	0	0	1994	0	0	0	0	0	0	0	0	0	0	0	0	0	0	0	0	0
ASV63	0	0	0	0	0	0	0	0	0	0	0	0	0	0	0	0	0	0	0	0	0	0	1959	0
ASV64	73	154	0	738	0	56	0	0	0	119	301	66	0	73	0	47	52	0	48	79	0	0	75	74
ASV65	0	0	0	0	0	0	0	0	0	0	0	0	1427	0	467	0	0	0	0	0	0	0	0	0
ASV66	0	0	0	0	0	1858	0	0	0	0	0	0	3	0	0	0	0	0	0	0	0	0	0	0
ASV67	0	0	0	0	0	0	0	0	0	0	0	0	0	0	0	0	1855	0	0	0	0	0	0	0
ASV68	0	918	890	0	0	0	0	0	5	0	0	0	0	0	0	0	0	0	6	0	0	0	0	8
ASV69	0	0	0	0	0	0	0	0	523	0	0	0	592	32	0	30	635	0	0	0	0	0	0	0
ASV70	0	0	622	0	0	0	0	0	0	0	0	0	0	0	0	0	0	0	0	0	0	0	1154	0
ASV71	0	0	0	0	0	0	0	0	0	0	0	1775	0	0	0	0	0	0	0	0	0	0	0	0
ASV72	0	0	0	0	0	0	0	1670	0	0	0	0	0	0	0	0	0	0	0	0	0	0	0	0
ASV73	0	0	0	0	0	0	0	0	0	1223	0	0	0	0	0	0	0	440	0	0	0	0	0	0
ASV74	0	0	0	0	0	0	0	0	0	0	12	0	0	0	0	0	0	0	1631	0	0	0	0	0
ASV75	0	0	0	0	0	0	0	0	0	0	0	0	0	0	0	0	0	1641	0	0	0	0	0	0
ASV76	0	0	0	0	0	0	0	0	0	0	0	0	0	0	0	0	0	0	0	1075	0	559	0	0
ASV77	0	0	0	0	0	0	0	0	0	0	916	0	0	0	0	0	0	707	0	0	0	0	0	0
ASV78	0	0	0	0	0	0	0	1614	0	0	0	0	0	0	0	0	0	0	0	0	0	0	0	0
ASV79	0	0	0	0	0	0	0	0	0	0	0	1578	0	0	0	0	0	0	0	0	0	0	0	0
ASV80	0	0	0	0	0	0	0	0	0	0	0	0	0	0	0	0	861	713	0	0	0	0	0	0
ASV81	0	0	0	728	0	0	0	0	0	0	0	833	0	0	0	0	0	0	0	0	0	0	0	0
ASV82	0	0	0	0	0	0	0	0	0	0	0	0	0	0	0	0	1551	0	0	0	0	0	0	0
ASV83	0	756	0	0	0	0	0	91	0	0	0	0	0	0	0	0	0	682	11	0	0	0	0	0
ASV84	0	0	0	0	0	16	0	0	0	0	0	0	0	0	0	0	0	0	0	0	0	0	0	1523
ASV85	0	0	0	0	0	0	0	0	0	0	0	0	0	1538	0	0	0	0	0	0	0	0	0	0
ASV86	0	0	0	0	0	0	0	0	0	0	0	0	0	0	0	0	1534	0	0	0	0	0	0	0
ASV87	0	0	0	1396	0	0	0	10	0	0	0	0	89	0	0	0	0	0	0	0	0	0	0	0
ASV88	940	0	0	0	0	0	0	0	0	516	0	0	0	0	0	35	0	0	0	0	0	0	0	0
ASV89	39	101	4	0	0	0	0	0	0	0	0	0	0	0	0	0	0	0	0	1303	25	6	0	0
ASV90	0	0	0	0	14	0	0	0	0	0	0	0	0	0	0	1453	0	0	0	0	0	0	0	0
ASV91	0	0	0	0	0	3	0	0	0	0	0	0	1402	0	0	0	0	0	0	0	0	0	0	0
ASV92	0	0	0	0	0	0	0	0	0	0	0	0	0	0	0	0	0	0	0	0	0	0	1386	0
ASV93	0	0	0	1381	0	0	0	4	0	0	0	0	0	0	0	0	0	0	0	0	0	0	0	0
ASV94	0	0	0	8	0	0	0	2	0	0	0	0	0	0	1369	0	0	0	0	0	0	0	0	0
ASV95	0	787	0	0	0	0	0	0	0	0	0	0	0	0	0	0	0	0	573	0	0	0	0	0
ASV96	0	0	0	0	0	0	0	0	1347	0	0	0	0	0	0	0	0	0	0	0	0	0	0	0
ASV97	0	0	0	0	0	1335	0	0	0	0	0	0	0	0	0	0	0	0	0	0	0	0	0	0
ASV98	0	0	0	0	0	4	0	0	0	0	0	0	0	0	0	0	1315	0	0	0	0	0	0	0
ASV99	0	0	0	0	0	0	0	0	0	0	0	0	55	0	0	27	0	53	186	501	490	0	0	0
ASV100	0	0	0	1304	0	0	0	0	0	0	0	0	0	0	0	0	0	0	0	0	0	0	0	0
ASV101	0	0	0	0	4	0	0	0	1295	0	0	0	0	0	0	0	0	0	0	0	0	0	0	0
ASV102	0	0	0	0	0	0	0	0	0	0	0	0	0	0	0	0	0	0	0	1277	0	0	0	0
ASV103	0	0	0	0	336	325	0	552	60	0	0	0	0	0	0	0	0	0	0	0	0	0	0	0
ASV104	0	0	210	0	2	0	0	0	0	955	0	0	0	0	0	103	0	0	0	0	0	0	0	0
ASV105	0	0	0	0	0	0	0	0	0	0	0	1249	0	0	0	0	0	0	0	2	0	0	0	0
ASV106	0	0	0	0	0	0	0	0	0	0	0	0	0	0	0	0	0	0	0	1239	0	0	0	0
ASV107	0	0	0	0	0	0	0	0	0	0	0	0	0	1198	0	0	0	0	0	0	0	0	0	0
ASV108	3	0	0	0	0	0	0	0	0	0	0	0	0	0	0	0	0	0	0	0	1194	0	0	0
ASV109	0	0	0	0	0	1188	0	0	0	0	0	0	0	0	0	0	0	0	0	0	0	0	0	0
ASV110	0	0	0	0	0	1183	0	0	0	0	0	0	0	0	0	0	0	0	0	0	0	0	0	0
ASV111	0	0	0	0	19	0	0	0	0	0	0	0	458	0	659	7	0	17	0	0	0	10	0	0
ASV112	0	0	0	0	0	0	0	0	0	0	0	0	0	0	0	0	0	0	0	1159	0	0	0	0
ASV113	0	0	0	0	0	0	0	0	0	0	0	0	0	0	0	0	0	0	0	1150	0	0	0	0
ASV114	0	0	0	0	0	0	0	0	0	0	0	0	0	0	0	0	0	0	0	0	5	0	1094	0
ASV115	0	0	0	0	0	0	1093	0	0	0	0	0	0	0	0	0	0	0	0	0	0	0	0	0
ASV116	0	0	1080	0	0	0	0	0	0	0	0	0	0	0	0	0	0	0	12	0	0	0	0	0
ASV117	0	0	0	7	0	0	0	0	0	0	0	0	0	0	1076	0	0	0	0	0	0	0	0	0
ASV118	0	0	0	0	0	0	0	0	0	0	0	0	0	0	0	0	0	1064	0	0	0	0	0	0
ASV119	0	3	0	0	0	0	0	0	0	0	0	0	0	0	0	0	0	0	0	0	0	0	0	1055
ASV120	0	0	0	0	0	0	0	0	0	0	0	1057	0	0	0	0	0	0	0	0	0	0	0	0
ASV121	0	0	139	249	0	0	0	0	0	0	0	0	0	0	0	0	0	0	0	15	0	0	0	649
ASV122	0	0	0	0	867	134	0	0	36	0	0	0	0	0	0	0	0	0	0	0	0	0	0	0
ASV123	0	0	0	0	0	0	0	0	0	0	0	0	0	0	0	0	0	0	0	3	0	1024	0	0
ASV124	0	0	0	0	0	0	0	0	0	0	2	0	0	0	0	0	0	0	1006	0	0	0	0	0
ASV125	0	0	0	0	0	0	0	0	0	0	0	0	0	0	0	0	0	0	0	0	0	0	0	1001
ASV126	0	0	0	5	0	0	0	0	0	0	0	0	0	0	967	0	0	0	0	0	0	0	0	0
ASV127	0	0	0	0	0	0	0	0	0	0	6	0	0	0	0	0	0	0	965	0	0	0	0	0
ASV128	0	0	0	0	0	0	0	0	0	970	0	0	0	0	0	0	0	0	0	0	0	0	0	0
ASV129	0	0	0	0	8	0	0	0	0	0	0	0	0	0	0	960	0	0	0	0	0	0	0	0
ASV130	0	0	0	0	0	0	0	0	0	0	0	0	0	0	0	0	0	0	0	0	0	965	0	0
ASV131	0	0	0	0	0	0	0	0	0	0	0	0	0	0	0	0	0	962	0	0	0	0	0	0
ASV132	0	0	0	0	0	0	0	0	0	0	0	0	0	0	0	0	0	0	0	0	0	0	0	956
ASV133	56	0	211	0	0	0	0	0	0	0	5	8	0	0	0	0	0	0	415	0	241	0	0	0
ASV134	0	0	0	0	0	0	0	0	0	0	0	0	0	933	0	0	0	0	0	0	0	0	0	0
ASV135	0	0	0	0	821	102	0	0	0	0	0	0	0	0	0	0	0	0	0	0	0	0	0	0
ASV136	0	0	0	0	4	0	0	0	0	0	0	0	0	0	0	907	0	0	0	0	0	0	0	0
ASV137	0	0	0	0	0	0	0	0	0	0	0	0	0	0	0	0	907	0	0	0	0	0	0	0
ASV138	0	0	0	13	0	0	0	0	0	0	0	0	0	0	63	0	0	824	0	0	0	0	0	0
ASV139	0	0	0	0	2	0	0	0	894	0	0	0	0	0	0	0	0	0	0	0	0	0	0	0
ASV140	0	0	0	0	0	0	0	0	0	0	0	0	0	0	0	893	0	0	0	0	0	0	0	0
ASV141	0	0	0	0	0	0	884	0	0	0	0	0	0	0	0	0	0	0	0	0	0	0	0	0
ASV142	0	0	0	0	3	0	0	0	878	0	0	0	0	0	0	0	0	0	0	0	0	0	0	0
ASV143	0	0	0	0	0	0	0	0	0	877	0	0	0	0	0	0	0	0	0	0	0	0	0	0
ASV144	0	0	0	0	0	0	0	0	0	0	0	0	0	0	0	0	864	0	0	0	0	0	0	0
ASV145	0	0	0	0	0	0	0	0	863	0	0	0	0	0	0	0	0	0	0	0	0	0	0	0
ASV146	0	0	0	0	0	0	0	0	0	0	847	0	0	0	0	0	0	0	0	0	0	0	0	0
ASV147	0	0	0	0	0	0	0	811	32	0	0	0	0	0	0	0	0	0	0	0	0	0	0	0
ASV148	0	0	0	0	0	0	0	0	0	0	0	826	0	0	0	0	0	0	0	2	0	0	0	0
ASV149	0	0	0	0	0	0	0	0	0	0	0	0	824	0	0	0	0	0	0	0	0	0	0	0
ASV150	0	0	0	0	0	0	0	0	0	0	0	0	0	824	0	0	0	0	0	0	0	0	0	0
ASV151	0	0	0	0	0	0	0	0	0	0	0	0	0	0	0	0	822	0	0	0	0	0	0	0
ASV152	0	0	0	0	0	0	821	0	0	0	0	0	0	0	0	0	0	0	0	0	0	0	0	0
ASV153	0	0	0	0	0	0	0	0	0	0	0	0	0	0	0	0	815	0	0	0	0	0	0	0
ASV154	0	0	0	534	0	0	0	0	75	0	0	0	0	0	0	0	195	0	0	0	0	0	0	0
ASV155	0	0	0	0	0	0	0	0	0	0	0	0	800	0	0	0	0	0	0	0	0	0	0	0
ASV156	0	0	0	0	0	0	0	0	0	0	0	0	0	0	0	0	800	0	0	0	0	0	0	0
ASV157	0	0	0	0	795	0	0	0	0	0	0	0	0	0	0	0	0	0	0	0	0	0	0	0
ASV158	0	0	0	0	0	0	0	0	0	0	0	0	0	0	0	0	0	0	0	0	791	0	0	0
ASV159	0	0	0	0	0	0	0	0	789	0	0	0	0	0	0	0	0	0	0	0	0	0	0	0
ASV160	0	0	0	0	0	0	0	0	0	422	7	0	0	0	0	0	0	0	54	304	0	0	0	0
ASV161	0	0	0	0	0	0	0	784	0	0	0	0	0	0	0	0	0	0	0	0	0	0	0	0
ASV162	0	0	0	0	0	0	0	0	0	0	0	779	0	0	0	0	0	0	0	0	0	0	0	0
ASV163	0	0	0	0	0	0	0	0	0	0	0	0	0	0	0	0	0	0	0	0	779	0	0	0
ASV164	0	0	0	0	0	0	0	0	0	0	0	0	0	0	0	766	0	0	0	0	0	0	0	0
ASV165	0	0	0	0	755	0	0	0	2	0	0	0	0	0	0	0	0	0	0	0	0	0	0	0
ASV166	0	0	0	0	0	0	0	0	0	0	0	0	0	0	756	0	0	0	0	0	0	0	0	0
ASV167	0	0	0	0	0	0	0	755	0	0	0	0	0	0	0	0	0	0	0	0	0	0	0	0
ASV168	0	0	0	0	0	0	0	749	0	0	0	0	0	0	0	0	0	0	0	0	0	0	0	0
ASV169	0	0	0	0	0	0	0	0	0	0	0	0	0	0	0	0	0	0	0	0	747	0	0	0
ASV170	0	0	0	0	6	0	0	0	0	0	0	0	0	0	0	734	0	0	0	0	0	0	0	0
ASV171	0	0	0	0	0	0	0	601	136	0	0	0	0	0	0	0	0	0	0	0	0	0	0	0
ASV172	0	0	0	0	7	0	0	0	0	0	0	0	0	0	0	278	451	0	0	0	0	0	0	0
ASV173	0	0	0	0	0	0	0	0	0	0	0	0	0	3	0	0	0	722	0	0	0	0	0	0
ASV174	0	0	0	0	0	0	0	0	0	0	0	0	0	0	0	0	0	721	0	0	0	0	0	0
ASV175	0	0	0	0	0	0	0	0	0	0	0	0	0	0	0	714	0	0	0	0	0	0	0	0
ASV176	0	0	0	0	0	0	0	0	0	0	0	0	0	0	0	0	0	4	706	0	0	0	0	0
ASV177	0	0	0	0	0	3	0	0	0	0	0	0	699	0	0	0	0	0	0	0	0	0	0	0
ASV178	0	0	0	0	4	0	0	0	0	0	0	0	0	0	0	691	0	0	0	0	0	0	0	0
ASV179	687	0	0	0	0	0	0	0	0	0	0	0	0	0	0	0	0	0	0	0	0	0	0	0
ASV180	0	0	0	0	0	0	0	0	0	0	3	0	0	0	0	0	0	0	680	0	0	0	0	0
ASV181	0	0	0	0	0	0	0	0	0	0	0	0	0	0	0	0	0	0	0	0	0	0	0	673
ASV182	0	0	0	672	0	0	0	0	0	0	0	0	0	0	0	0	0	0	0	0	0	0	0	0
ASV183	0	0	0	0	0	0	10	0	0	0	0	0	0	0	0	0	0	650	0	0	0	0	0	0
ASV184	0	0	0	0	0	0	0	0	0	0	0	0	0	0	0	0	0	0	0	0	0	0	0	657
ASV185	0	0	0	0	0	0	0	0	0	0	0	0	0	630	0	0	0	0	0	0	0	0	0	0
ASV186	0	0	0	0	0	0	0	0	0	0	0	0	0	0	0	0	627	0	0	0	0	0	0	0
ASV187	0	560	0	0	0	0	0	0	0	0	64	0	0	0	0	0	0	0	0	0	0	0	0	0
ASV188	0	0	0	0	0	0	0	0	0	0	0	0	0	0	624	0	0	0	0	0	0	0	0	0
ASV189	0	0	0	0	0	0	0	0	0	0	0	0	0	0	0	0	0	0	0	0	0	0	0	617
ASV190	0	0	0	0	0	0	0	0	0	0	0	0	0	0	0	0	613	0	0	0	0	0	0	0
ASV191	0	0	0	0	0	0	0	0	0	0	0	0	0	0	0	0	0	0	0	0	610	0	0	0
ASV192	0	601	0	0	0	0	0	0	0	0	0	0	0	0	0	0	0	0	0	0	0	0	0	0
ASV193	0	0	0	0	0	0	598	0	0	0	0	0	0	0	0	0	0	0	0	0	0	0	0	0
ASV194	0	0	0	0	0	0	586	0	0	0	0	0	0	0	0	0	0	0	0	0	0	0	0	0
ASV195	0	0	0	0	0	0	0	0	0	0	0	0	0	0	0	0	584	0	0	0	0	0	0	0
ASV196	0	0	0	0	0	0	0	0	0	0	0	0	0	0	0	81	498	0	0	0	0	0	0	0
ASV197	0	0	0	0	0	0	0	0	0	46	0	0	0	0	0	0	0	506	25	0	0	0	0	0
ASV198	0	0	0	0	0	0	573	0	0	0	0	0	0	0	0	0	0	0	0	0	0	0	0	0
ASV199	0	0	0	0	0	0	0	364	205	0	0	0	0	0	0	0	0	0	0	0	0	0	0	0
ASV200	568	0	0	0	0	0	0	0	0	0	0	0	0	0	0	0	0	0	0	0	0	0	0	0
